Weights File,Image Name,True Label,Predicted Label,Weighted Sum of Probability,True Probability Distribution,Predicted Probability Distribution,Entropy Value,True Entropy Value,KL Divergence (batch-mean)
AIO0.pth,12012ILSVRC2013_train_00052874.JPEG_I5_Q62.jpeg,4,4,3.9987864,"[0.0, 0.0, 0.0, 0.0, 1.0]","[8.600696266292118e-10, 2.2913502206733938e-09, 1.55700718096341e-06, 0.0012103576445952058, 0.998788058757782]",0.00936187,0.0,0.10396061092615128
AIO0.pth,9896ILSVRC2013_train_00056567.JPEG_I4_Q34.jpeg,3,3,3.00019,"[0.0, 0.0, 0.0, 1.0, 0.0]","[2.4480227957604517e-13, 4.468857228712153e-10, 1.8384021416295582e-08, 0.9998100399971008, 0.00018993877165485173]",0.001817828,0.0,0.1532372087240219
AIO0.pth,9262ILSVRC2013_train_00039511.JPEG_I5_Q75.jpeg,4,4,3.9864335,"[0.0, 0.0, 0.0, 0.0, 1.0]","[1.3782105234838582e-08, 2.802757492759156e-08, 1.1097502010670723e-06, 0.013563888147473335, 0.9864349365234375]",0.07181798,0.0,0.04892252758145332
