Weights File,Image Name,True Label,Predicted Label,Weighted Sum of Probability,True Probability Distribution,Predicted Probability Distribution,Entropy Value,True Entropy Value,KL Divergence (batch-mean)
AIO1.pth,1657ILSVRC2013_train_00019845.JPEG_I4_Q48.jpeg,2,2,2.1644564,"[0.0001930062280735001, 0.09971978515386581, 0.8001744747161865, 0.09971978515386581, 0.0001930062280735001]","[0.0006566171068698168, 0.04549596831202507, 0.754356861114502, 0.18771608173847198, 0.011774579994380474]",0.72436255,0.64146703,0.4665290117263794
AIO1.pth,37344ILSVRC2014_train_00031300.JPEG_I5_Q88.jpeg,3,2,2.4098902,"[5.802808011878824e-09, 0.00019304348097648472, 0.09973903000354767, 0.8003289103507996, 0.09973903000354767]","[0.00026772983255796134, 0.026387758553028107, 0.5606932044029236, 0.388489305973053, 0.024161970242857933]",0.87979156,0.63974684,0.483442485332489
AIO1.pth,2244ILSVRC2013_train_00009719.JPEG_I3_Q23.jpeg,2,2,1.752738,"[0.0001930062280735001, 0.09971978515386581, 0.8001744747161865, 0.09971978515386581, 0.0001930062280735001]","[0.006300709210336208, 0.33493363857269287, 0.5623078942298889, 0.09264220297336578, 0.003815458854660392]",0.96365213,0.64146703,0.47798803448677063
