Weights File,Image Name,True Label,Predicted Label,Weighted Sum of Probability,True Probability Distribution,Predicted Probability Distribution,Entropy Value,True Entropy Value,KL Divergence (batch-mean)
AIO2.pth,1140ILSVRC2013_train_00005012.JPEG_I2_Q11.jpeg,0,0,0.47687495,"[0.8889965415000916, 0.11078902333974838, 0.00021443057630676776, 6.445695976964316e-09, 3.0091694601738642e-15]","[0.5894823670387268, 0.35000553727149963, 0.05505332350730896, 0.0050720470026135445, 0.0003866586775984615]",0.8684492,0.3501626,0.5576373338699341
AIO2.pth,4765ILSVRC2014_train_00027805.JPEG_I5_Q68.jpeg,3,2,2.2292256,"[5.802808011878824e-09, 0.00019304348097648472, 0.09973903000354767, 0.8003289103507996, 0.09973903000354767]","[0.0018968961667269468, 0.059312932193279266, 0.6494253277778625, 0.2863972783088684, 0.00296754646115005]",0.83515465,0.63974684,0.47516965866088867
AIO2.pth,12012ILSVRC2013_train_00052874.JPEG_I5_Q62.jpeg,2,2,2.0084245,"[0.0001930062280735001, 0.09971978515386581, 0.8001744747161865, 0.09971978515386581, 0.0001930062280735001]","[0.009396378882229328, 0.12459123879671097, 0.7195369601249695, 0.14114223420619965, 0.005333149340003729]",0.8444463,0.64146703,0.6245399713516235
