Weights File,Image Name,True Label,Predicted Label,Weighted Sum of Probability,True Probability Distribution,Predicted Probability Distribution,Entropy Value,True Entropy Value,KL Divergence (batch-mean)
AIO3.pth,36453ILSVRC2014_train_00028408.JPEG_I1_Q2.jpeg,0,0,0.02891442,"[0.8889965415000916, 0.11078902333974838, 0.00021443057630676776, 6.445695976964316e-09, 3.0091694601738642e-15]","[0.9735307693481445, 0.024352675303816795, 0.001852981629781425, 0.0001983138790819794, 6.520964961964637e-05]",0.13056497,0.3501626,0.4935882091522217
AIO3.pth,44247ILSVRC2014_train_00055274.JPEG_I1_Q7.jpeg,0,0,0.089260206,"[0.8889965415000916, 0.11078902333974838, 0.00021443057630676776, 6.445695976964316e-09, 3.0091694601738642e-15]","[0.9148446917533875, 0.08125835657119751, 0.003715415485203266, 0.00015544261259492487, 2.6173442165600136e-05]",0.30781847,0.3501626,0.4506096839904785
AIO3.pth,39831ILSVRC2014_train_00035124.JPEG_I1_Q5.jpeg,0,0,0.0782141,"[0.8889965415000916, 0.11078902333974838, 0.00021443057630676776, 6.445695976964316e-09, 3.0091694601738642e-15]","[0.9282609820365906, 0.06613427400588989, 0.004850019700825214, 0.0006392633658833802, 0.00011550102499313653]",0.28032088,0.3501626,0.5133017897605896
