Weights File,Image Name,True Label,Predicted Label,Weighted Sum of Probability,True Probability Distribution,Predicted Probability Distribution,Entropy Value,True Entropy Value,KL Divergence (batch-mean)
AIO4.pth,1276ILSVRC2013_train_00021327.JPEG_I3_Q24.jpeg,2,2,2.0122144,"[0.0001930062280735001, 0.09971978515386581, 0.8001744747161865, 0.09971978515386581, 0.0001930062280735001]","[0.011644477024674416, 0.11312228441238403, 0.7382773160934448, 0.12528620660305023, 0.011669735424220562]",0.8345754,0.64146703,0.482312947511673
AIO4.pth,42582ILSVRC2014_train_00049512.JPEG_I1_Q7.jpeg,1,0,0.42441878,"[0.09973903000354767, 0.8003289103507996, 0.09973903000354767, 0.00019304348097648472, 5.802808011878824e-09]","[0.5972850322723389, 0.38152578473091125, 0.020704420283436775, 0.0004545031115412712, 3.0163575502228923e-05]",0.7595382,0.6397469,0.5202283263206482
AIO4.pth,4664ILSVRC2013_train_00024035.JPEG_I5_Q100.jpeg,4,2,2.3680525,"[3.0091694601738642e-15, 6.445695976964316e-09, 0.00021443057630676776, 0.11078902333974838, 0.8889965415000916]","[0.008378243073821068, 0.1615149825811386, 0.4033697545528412, 0.3071496784687042, 0.119587242603302]",1.3172872,0.35016257,0.474021315574646
