Weights File,Accuracy,MSE,MSE weighted,Mean Entropy,Mean KL Divergence,Classification Report
AIO4.pth,0.5966666666666667,0.5133333333333333,0.35374204038798496,0.855497,0.4921875298023224,"              precision    recall  f1-score   support

         bad       0.65      0.86      0.74        36
insufficient       0.63      0.52      0.57        64
        fair       0.60      0.69      0.64       103
        good       0.56      0.45      0.50        66
   excellent       0.52      0.45      0.48        31

    accuracy                           0.60       300
   macro avg       0.59      0.59      0.59       300
weighted avg       0.59      0.60      0.59       300
"
