Weights File,Image Name,True Label,Predicted Label,Weighted Sum of Probability,True Probability Distribution,Predicted Probability Distribution,Entropy Value,True Entropy Value,KL Divergence (batch-mean)
AIO5.pth,9134ILSVRC2013_train_00047884.JPEG_I1_Q3.jpeg,0,0,0.019197343,"[0.8889965415000916, 0.11078902333974838, 0.00021443057630676776, 6.445695976964316e-09, 3.0091694601738642e-15]","[0.9812015295028687, 0.018468018621206284, 0.00027788287843577564, 3.687718344735913e-05, 1.5731984603917226e-05]",0.09516555,0.3501626,0.5067245960235596
AIO5.pth,41523ILSVRC2014_train_00045815.JPEG_I4_Q42.jpeg,3,3,2.2504535,"[5.802808011878824e-09, 0.00019304348097648472, 0.09973903000354767, 0.8003289103507996, 0.09973903000354767]","[0.007407559081912041, 0.20199395716190338, 0.35863178968429565, 0.3966708481311798, 0.03529582917690277]",1.212001,0.63974684,0.5279121398925781
AIO5.pth,3618ILSVRC2013_train_00015550.JPEG_I1_Q3.jpeg,0,0,0.12952757,"[0.8889965415000916, 0.11078902333974838, 0.00021443057630676776, 6.445695976964316e-09, 3.0091694601738642e-15]","[0.8792372345924377, 0.11289535462856293, 0.0071443552151322365, 0.0005485676811076701, 0.00017444977129343897]",0.40034798,0.3501626,0.42661961913108826
