,AIO0,AIO1,AIO2,AIO3,AIO4,AIO5
Obs0,0.9466666666666667,0.4533333333333333,0.36333333333333334,0.3566666666666667,0.64,0.37666666666666665
Obs1,0.43333333333333335,0.63,0.38333333333333336,0.3333333333333333,0.5933333333333334,0.3933333333333333
Obs2,0.3333333333333333,0.3933333333333333,0.6033333333333334,0.6666666666666666,0.31333333333333335,0.5733333333333334
Obs3,0.37666666666666665,0.4033333333333333,0.56,0.6266666666666667,0.38666666666666666,0.5866666666666667
Obs4,0.56,0.5566666666666666,0.33,0.31333333333333335,0.59,0.35333333333333333
Obs5,0.4533333333333333,0.49666666666666665,0.5433333333333333,0.5766666666666667,0.48333333333333334,0.6033333333333334
